email,name,company,title
avinash@examplefoods.com,Avinash Rao,Example Foods Pvt Ltd,Chief Executive Officer
neha@examplefoods.com,Neha Kapoor,Example Foods Pvt Ltd,Category Analyst
suresh@snacksage.in,Suresh Iyer,SnackSage,Founder & CEO
priyanka@snacksage.in,Priyanka Menon,SnackSage,Marketing Executive
david@crunchbox.co,David Fernandes,CrunchBox,VP of Product
lakshmi@crunchbox.co,Lakshmi Nair,CrunchBox,Junior Brand Manager
ritika@packworks.com,Ritika Sethi,PackWorks,Director of Operations
amit@packworks.com,Amit Bhatia,PackWorks,Warehouse Associate
george@freshbite.io,George Thomas,FreshBite,Co-Founder
sana@freshbite.io,Sana Sheikh,FreshBite,Customer Support Lead
